ID,TITLE,LOCATION,SALARY,SUMMARY
ac5df908833ff26e,[로그아웃] 백엔드 개발자,서울 종로구,,
5ea9ea023c6ccc03,"S/W 엔지니어, 데이터분석 신입/경력 정규직, 인턴",성남 분당구,,
6100350a5169a606,DB Engineer 모집,성남 판교역,,
3cf01580ba5eb23a,NLP Researcher,서울,,
c2f271fbd2fa95e7,Software Engineer Intern - Korea,서울 강남구,,
1aa592df3626bc57,[TmaxCloud/R&D] Cloud 부문 개발 연구원 신입 및 경력,성남 분당구,,
34d826908be45b5e,[NAVER Cloud] Blockchain 서비스 개발,서울,,
8c32b5db8ab28c7d,"[광고 추천] 데이터 과학자, 기계학습(머신러닝) 전문가 모집",성남 판교역,,
5123207a169f90eb,Lead AI Platform Developer,서울,,
a5f72db70e317024,[카카오톡] 콘텐츠 구독 서비스 개발자 모집,성남 판교역,,
6c70ee2fc3122925,[NAVER Cloud] MySQL 데이터베이스 엔지니어 (DBA),서울,,
8fd9ce3f217e75ee,[동영상플랫폼] 플랫폼서버 개발자 모집,성남 판교역,,
91aa3bd221ee815b,AI Service Planning/Business Development,서울,,
008131cfd8942edd,[NAVER Cloud] Kubernetes 서비스 개발,성남 분당구,,
75bfae40e2799c12,NBA IP 기반 스포츠 게임 서버 개발자(경력),서울 가산동,,
fb1e577c4ae5e817,영상보안 개발자,서울 충무로역,,
4f1fa326dbb1e4ea,ADS Platform Data Engineer,대한민국,,
98af499dfaabae81,영상보안 코어 연구개발,서울 충무로역+1 지역,,
97d7d9cb5103d9f5,영상보안[백엔드],서울 쌍림동,,
76152b2fa6809886,Back-end Developer,서울,,
7a04ccec3bfe8e78,[위메프오] DevOps Engineer(정규직),대한민국,,
65ebb989c5928689,블록체인 기반의 디지털 자산 SNS 스타트업 기업에서 CTO를 모집합니다.,대한민국,,
50e6047ebc9c5b54,영상보안 Web 개발 및수행,서울 중구,,
c193b65defa6a4ec,Web 개발,서울 중구,,
1408be55536c8b20,Senior Server Engineer,서울 영등포구,,
d341b6f32b7ba6f7,영상 보안 코어 연구/개발,서울 쌍림동,,
dcb07c5753e294a7,Site Reliability Engineer (SRE) - IBM Garage,서울,,
6384d2d04ab513fa,Backend Server Engineer,대한민국,,
c08720b7e479b719,Software Engineering Manager,서울,,
d87d0b5c96dea835,영상보안 Backend 개발,서울 충무로역,,
fb1e577c4ae5e817,영상보안 개발자,서울 충무로역,,
4f1fa326dbb1e4ea,ADS Platform Data Engineer,대한민국,,
98af499dfaabae81,영상보안 코어 연구개발,서울 충무로역+1 지역,,
97d7d9cb5103d9f5,영상보안[백엔드],서울 쌍림동,,
76152b2fa6809886,Back-end Developer,서울,,
7a04ccec3bfe8e78,[위메프오] DevOps Engineer(정규직),대한민국,,
65ebb989c5928689,블록체인 기반의 디지털 자산 SNS 스타트업 기업에서 CTO를 모집합니다.,대한민국,,
50e6047ebc9c5b54,영상보안 Web 개발 및수행,서울 중구,,
c193b65defa6a4ec,Web 개발,서울 중구,,
1408be55536c8b20,Senior Server Engineer,서울 영등포구,,
d341b6f32b7ba6f7,영상 보안 코어 연구/개발,서울 쌍림동,,
dcb07c5753e294a7,Site Reliability Engineer (SRE) - IBM Garage,서울,,
6384d2d04ab513fa,Backend Server Engineer,대한민국,,
c08720b7e479b719,Software Engineering Manager,서울,,
d87d0b5c96dea835,영상보안 Backend 개발,서울 충무로역,,
fb1e577c4ae5e817,영상보안 개발자,서울 충무로역,,
4f1fa326dbb1e4ea,ADS Platform Data Engineer,대한민국,,
98af499dfaabae81,영상보안 코어 연구개발,서울 충무로역+1 지역,,
97d7d9cb5103d9f5,영상보안[백엔드],서울 쌍림동,,
76152b2fa6809886,Back-end Developer,서울,,
7a04ccec3bfe8e78,[위메프오] DevOps Engineer(정규직),대한민국,,
65ebb989c5928689,블록체인 기반의 디지털 자산 SNS 스타트업 기업에서 CTO를 모집합니다.,대한민국,,
50e6047ebc9c5b54,영상보안 Web 개발 및수행,서울 중구,,
c193b65defa6a4ec,Web 개발,서울 중구,,
1408be55536c8b20,Senior Server Engineer,서울 영등포구,,
d341b6f32b7ba6f7,영상 보안 코어 연구/개발,서울 쌍림동,,
dcb07c5753e294a7,Site Reliability Engineer (SRE) - IBM Garage,서울,,
6384d2d04ab513fa,Backend Server Engineer,대한민국,,
c08720b7e479b719,Software Engineering Manager,서울,,
d87d0b5c96dea835,영상보안 Backend 개발,서울 충무로역,,
fb1e577c4ae5e817,영상보안 개발자,서울 충무로역,,
4f1fa326dbb1e4ea,ADS Platform Data Engineer,대한민국,,
98af499dfaabae81,영상보안 코어 연구개발,서울 충무로역+1 지역,,
97d7d9cb5103d9f5,영상보안[백엔드],서울 쌍림동,,
76152b2fa6809886,Back-end Developer,서울,,
7a04ccec3bfe8e78,[위메프오] DevOps Engineer(정규직),대한민국,,
65ebb989c5928689,블록체인 기반의 디지털 자산 SNS 스타트업 기업에서 CTO를 모집합니다.,대한민국,,
50e6047ebc9c5b54,영상보안 Web 개발 및수행,서울 중구,,
c193b65defa6a4ec,Web 개발,서울 중구,,
1408be55536c8b20,Senior Server Engineer,서울 영등포구,,
d341b6f32b7ba6f7,영상 보안 코어 연구/개발,서울 쌍림동,,
dcb07c5753e294a7,Site Reliability Engineer (SRE) - IBM Garage,서울,,
6384d2d04ab513fa,Backend Server Engineer,대한민국,,
c08720b7e479b719,Software Engineering Manager,서울,,
d87d0b5c96dea835,영상보안 Backend 개발,서울 충무로역,,
